Name,Mobile_Number,Email,Password
Yash Kangane,9834022983,yashkangane01@gmail.com,Yash@123
Aniket Atram,9359703263,aniketatram01@gmail.com,Aniket@123
Ajinkya Junagade,9730467656,ajinkyajunagade01@gmail.com,Ajinkya@123
Prathamesh Kamble,9172772385,prathameshkamble01@gmail.com,Prathamesh@123
Deepak Kamble,7558246092,deepakkamble01@gmail.com,Deepak@123
Kalyani Karmarkar,7249810730,kalyanikarmarkar01@gmail.com,Kalyani@123
aa,9876543211,aa,aa
